{
    "time": "2023-03-09",
    "final_pairs": {
        "CRM,TSLA": 0.028336172882598487,
        "CTOS,WAL": 0.028336172882598487,
        "KODK,COGT": 0.028336172882598484,
        "ALEX,RF": 0.028336172882598487,
        "MBWM,FHN": 0.028336172882598487,
        "AXP,AAP": 0.028336172882598487,
        "CCU,VGR": 0.02833617288259849,
        "PTMN,CBU": 0.028336172882598487,
        "GDEN,CNTY": 0.028336172882598487,
        "JD,GDS": 0.028336172882598487,
        "SOI,RES": 0.028336172882598487,
        "OHI,NHI": 0.02833617288259849,
        "OMAB,PAC": 0.028336172882598487,
        "BNS,IBTX": 0.02833617288259849,
        "CLAR,ILPT": 0.028336172882598487,
        "CMG,WTM": 0.028336172882598487,
        "PEB,CLDT": 0.028336172882598487,
        "RRX,PRU": 0.028336172882598487,
        "PCAR,RITM": 0.028336172882598487,
        "SLF,HTBK": 0.028336172882598487,
        "CATY,PNFP": 0.028336172882598487,
        "VRSK,CWST": 0.028336172882598487,
        "PBF,DK": 0.028336172882598487,
        "MTD,CABO": 0.028336172882598487,
        "MKC,HRL": 0.028336172882598487,
        "AVGO,ACN": 0.028336172882598487,
        "VMI,CHCO": 0.028336172882598487,
        "ESTE,COHR": 0.028336172882598487,
        "EDU,TAL": 0.028336172882598487,
        "CLDX,FSK": 0.028336172882598487,
        "PNW,POR": 0.028336172882598487,
        "ADBE,ASML": 0.028336172882598487,
        "RDN,ESNT": 0.028336172882598484,
        "CZNC,GABC": 0.028336172882598487,
        "NEE,NDAQ": 0.028336172882598487,
        "LSI,EXR": 0.02833617288259849,
        "F,GM": 0.028336172882598487,
        "KDP,CVS": 0.028336172882598484,
        "PR,OVV": 0.028336172882598487,
        "CTO,CNOB": 0.028336172882598484,
        "OXY,PSX": 0.02833617288259849,
        "RRR,BALY": 0.02833617288259849,
        "AMNB,FMBH": 0.028336172882598487,
        "SO,PEG": 0.028336172882598487,
        "PVH,CPRI": 0.028336172882598487
    }
}