{
    "time": "2023-02-22",
    "final_pairs": {
        "DHT,EURN": 0.09846222246536773,
        "META,GOOG": 0.09846222246536773,
        "FLL,PENN": 0.09846222246536773,
        "MRCY,CMP": 0.09846222246536773,
        "RPD,WRLD": 0.09846222246536773,
        "TIGO,GFF": 0.09846222246536773,
        "TSLA,GOOGL": 0.09846222246536773,
        "LPL,KT": 0.09846222246536773,
        "OIS,OII": 0.09846222246536773,
        "MOS,CPE": 0.09846222246536772,
        "OLLI,MED": 0.09846222246536773,
        "RRX,ALEX": 0.09846222246536773,
        "VGR,MLCO": 0.09846222246536773,
        "FANG,MTDR": 0.09846222246536773,
        "LSI,CUBE": 0.09846222246536773,
        "HP,PDS": 0.09846222246536773,
        "BLMN,EAT": 0.09846222246536773,
        "AZO,TPL": 0.09846222246536773,
        "TPH,KBH": 0.09846222246536773,
        "WES,ENLC": 0.09846222246536773,
        "SKY,CVCO": 0.09846222246536773,
        "BSAC,CIB": 0.09846222246536773,
        "PVH,CPRI": 0.09846222246536773,
        "PSX,COP": 0.09846222246536773,
        "NVT,WAB": 0.09846222246536773,
        "NVDA,AMZN": 0.09846222246536773,
        "NWE,BKH": 0.09846222246536773,
        "TRMD,INSW": 0.09846222246536773,
        "CRNX,MRSN": 0.09846222246536773,
        "KODK,COGT": 0.09846222246536773,
        "GOOS,HBI": 0.09846222246536773,
        "MBIN,KREF": 0.09846222246536773,
        "CHCO,RTL": 0.09846222246536773,
        "PBF,DINO": 0.09846222246536773,
        "PAG,ABG": 0.09846222246536773,
        "AZN,AMGN": 0.09846222246536773,
        "SLAB,TER": 0.09846222246536773,
        "PKX,SKM": 0.09846222246536773,
        "IBTX,GLPG": 0.09846222246536773,
        "RSG,MMC": 0.09846222246536775,
        "POR,D": 0.09846222246536773,
        "FCF,HTLF": 0.09846222246536773,
        "CHD,AAP": 0.09846222246536772,
        "GPN,FIS": 0.09846222246536773,
        "ON,NXPI": 0.09846222246536775,
        "HMC,TM": 0.09846222246536773
    }
}