{
    "time": "2023-02-24",
    "final_pairs": {
        "NVDA,GOOG": 0.07679900811507065,
        "TNK,EURN": 0.07679900811507064,
        "TSLA,GOOGL": 0.07679900811507064,
        "FLL,PENN": 0.07679900811507064,
        "LPL,KT": 0.07679900811507064,
        "MRCY,CMP": 0.07679900811507065,
        "META,AMZN": 0.07679900811507064,
        "RPD,WRLD": 0.07679900811507062,
        "NSTG,TWST": 0.07679900811507064,
        "RRX,VMI": 0.07679900811507064,
        "TIGO,GFF": 0.07679900811507064,
        "DHT,INSW": 0.07679900811507064,
        "AZO,TPL": 0.07679900811507064,
        "VGR,MLCO": 0.07679900811507064,
        "BSAC,CIB": 0.07679900811507065,
        "LSI,CUBE": 0.07679900811507062,
        "MOS,CPE": 0.07679900811507062,
        "PR,MTDR": 0.07679900811507064,
        "NTES,JD": 0.07679900811507062,
        "NVT,WAB": 0.07679900811507064,
        "CRNX,MRSN": 0.07679900811507062,
        "TPH,KBH": 0.07679900811507064,
        "NI,BKH": 0.07679900811507064,
        "OIS,OII": 0.07679900811507065,
        "PSX,COP": 0.07679900811507065,
        "PVH,CPRI": 0.07679900811507065,
        "TRGP,ENLC": 0.07679900811507064,
        "HP,PDS": 0.07679900811507064,
        "TPX,HD": 0.07679900811507064,
        "BLMN,EAT": 0.07679900811507064,
        "GPN,FIS": 0.07679900811507064,
        "RRC,AR": 0.07679900811507064,
        "KODK,COGT": 0.07679900811507064,
        "NEX,SOI": 0.07679900811507064,
        "CHD,RGLD": 0.07679900811507064,
        "PKX,SKM": 0.07679900811507064,
        "GOOS,HBI": 0.07679900811507064,
        "MBIN,KREF": 0.07679900811507064,
        "SLAB,TER": 0.07679900811507064,
        "CHCO,AAP": 0.07679900811507064,
        "PBF,DINO": 0.07679900811507065,
        "SKY,CVCO": 0.07679900811507064
    }
}