{
    "time": "2023-02-23",
    "final_pairs": {
        "DHT,EURN": 0.09912779308324159,
        "TSLA,GOOG": 0.09912779308324159,
        "MRCY,CMP": 0.09912779308324159,
        "FLL,PENN": 0.09912779308324159,
        "RPD,WRLD": 0.09912779308324159,
        "META,GOOGL": 0.09912779308324159,
        "TIGO,GFF": 0.09912779308324159,
        "LPL,KT": 0.09912779308324159,
        "NSTG,TWST": 0.09912779308324159,
        "MOS,CPE": 0.0991277930832416,
        "RRX,RTL": 0.09912779308324159,
        "BSAC,CIB": 0.09912779308324159,
        "OIS,OII": 0.09912779308324159,
        "LSI,CUBE": 0.09912779308324159,
        "AZO,TPL": 0.09912779308324157,
        "ILPT,GLT": 0.09912779308324159,
        "HP,PDS": 0.09912779308324159,
        "OLLI,MED": 0.09912779308324159,
        "FANG,MTDR": 0.09912779308324159,
        "PVH,CPRI": 0.09912779308324159,
        "PSX,COP": 0.09912779308324159,
        "TPH,KBH": 0.09912779308324159,
        "NVT,WAB": 0.09912779308324159,
        "NWE,BKH": 0.09912779308324159,
        "WES,ENLC": 0.09912779308324159,
        "NVDA,AMZN": 0.09912779308324159,
        "BLMN,EAT": 0.09912779308324159,
        "VGR,MLCO": 0.09912779308324159,
        "SKY,CVCO": 0.09912779308324159,
        "SLAB,TER": 0.09912779308324159,
        "CHCO,ALEX": 0.09912779308324159,
        "KODK,COGT": 0.09912779308324159,
        "PAG,ABG": 0.09912779308324159,
        "RRC,AR": 0.09912779308324159,
        "GPN,FIS": 0.09912779308324159,
        "TPX,HD": 0.09912779308324159,
        "PKX,EC": 0.09912779308324159,
        "MBIN,KREF": 0.09912779308324159,
        "BK,MMYT": 0.09912779308324157,
        "AZN,AMGN": 0.09912779308324159,
        "FRO,INSW": 0.09912779308324159,
        "CRNX,MRSN": 0.09912779308324159,
        "ON,NXPI": 0.0991277930832416,
        "CHD,RGLD": 0.09912779308324159
    }
}