{
    "time": "2023-03-08",
    "final_pairs": {
        "CRM,TSLA": 0.026260126993239142,
        "WW,AZUL": 0.026260126993239142,
        "MBWM,FHN": 0.026260126993239145,
        "NEX,HP": 0.026260126993239142,
        "CCU,VGR": 0.026260126993239142,
        "CRNX,MRSN": 0.026260126993239142,
        "BCSF,CBU": 0.026260126993239142,
        "ALEX,AAP": 0.026260126993239142,
        "PR,OVV": 0.026260126993239142,
        "OHI,NHI": 0.026260126993239142,
        "GDEN,CNTY": 0.026260126993239145,
        "VRSK,CWST": 0.026260126993239142,
        "OIS,OII": 0.026260126993239142,
        "BNS,IBTX": 0.026260126993239142,
        "ESTE,COHR": 0.026260126993239142,
        "MELI,WTM": 0.026260126993239142,
        "OMAB,PAC": 0.026260126993239142,
        "SKM,TLK": 0.026260126993239142,
        "MKC,HRL": 0.026260126993239142,
        "PCAR,RITM": 0.026260126993239142,
        "CTOS,WAL": 0.026260126993239142,
        "RYAAY,KRG": 0.026260126993239142,
        "KODK,COGT": 0.026260126993239142,
        "PEB,CLDT": 0.026260126993239142,
        "LSI,EXR": 0.026260126993239142,
        "PXD,PSX": 0.026260126993239145,
        "KRC,JBGS": 0.026260126993239142,
        "PAM,TGS": 0.026260126993239142,
        "META,AMZN": 0.026260126993239142,
        "PBF,DK": 0.026260126993239142,
        "WYNN,BTI": 0.026260126993239142,
        "TNK,TRMD": 0.026260126993239142,
        "CZR,PENN": 0.02626012699323914,
        "ALG,RGLD": 0.026260126993239142,
        "ADBE,INTU": 0.026260126993239142,
        "PNW,PEG": 0.026260126993239145,
        "EFSC,RNST": 0.026260126993239142,
        "NEE,NDAQ": 0.026260126993239142,
        "RDN,MTG": 0.026260126993239142,
        "CLDX,FSK": 0.026260126993239142,
        "NIC,CFFN": 0.026260126993239142,
        "ACRE,GPMT": 0.026260126993239145,
        "MLCO,BUD": 0.026260126993239142
    }
}