{
    "time": "2023-03-06",
    "final_pairs": {
        "CRM,TSLA": 0.023401207913695914,
        "MBIN,FHN": 0.02340120791369591,
        "INN,INVA": 0.023401207913695914,
        "DDD,BB": 0.023401207913695914,
        "VMI,AAP": 0.023401207913695914,
        "CZR,CNTY": 0.023401207913695914,
        "OIS,HLX": 0.023401207913695914,
        "CLDX,FSK": 0.023401207913695914,
        "KODK,COGT": 0.023401207913695914,
        "MGM,GDEN": 0.023401207913695914,
        "NTES,ZTO": 0.023401207913695914,
        "PBF,DK": 0.023401207913695914,
        "MTD,WTM": 0.023401207913695914,
        "TNK,STNG": 0.023401207913695918,
        "BCSF,CBU": 0.023401207913695914,
        "SOI,HP": 0.023401207913695914,
        "GFF,TIGO": 0.023401207913695914,
        "NSTG,TWST": 0.023401207913695914,
        "CCU,BTI": 0.023401207913695914,
        "AA,CENX": 0.023401207913695914,
        "MKC,HRL": 0.023401207913695914,
        "ALEX,TR": 0.023401207913695914,
        "ESTE,COHR": 0.023401207913695914,
        "EYE,CDNA": 0.023401207913695914,
        "PCAR,RITM": 0.023401207913695914,
        "ADBE,INTU": 0.023401207913695914,
        "PR,WES": 0.023401207913695914,
        "BNS,IBTX": 0.023401207913695914,
        "HCC,ARCH": 0.023401207913695914,
        "PNW,WTRG": 0.023401207913695918,
        "META,AMZN": 0.023401207913695914,
        "EOG,CVX": 0.023401207913695914,
        "MTRN,UVE": 0.02340120791369591,
        "BTG,WPM": 0.023401207913695914,
        "ATOM,SNDX": 0.023401207913695914,
        "PKX,TLK": 0.023401207913695918,
        "IONS,EQC": 0.023401207913695914,
        "XHR,DRH": 0.023401207913695918,
        "PXD,XOM": 0.023401207913695914,
        "RTL,TGT": 0.023401207913695914
    }
}