{
    "time": "2023-03-02",
    "final_pairs": {
        "MBIN,FHN": 0.015129527076163137,
        "INN,INVA": 0.015129527076163135,
        "CLDX,FSK": 0.015129527076163137,
        "MLCO,BUD": 0.015129527076163135,
        "VMI,AAP": 0.015129527076163135,
        "BTG,WPM": 0.015129527076163135,
        "RPD,CLAR": 0.015129527076163135,
        "RGLD,TGT": 0.015129527076163137,
        "SNDX,ATOM": 0.015129527076163135,
        "TNK,FRO": 0.015129527076163135,
        "PBF,DK": 0.015129527076163135,
        "OVV,CVE": 0.015129527076163135,
        "FNV,IX": 0.015129527076163135,
        "OIS,OII": 0.015129527076163135,
        "VRSK,CWST": 0.015129527076163135,
        "BNS,IBTX": 0.015129527076163135,
        "WYNN,MO": 0.015129527076163137,
        "CRNX,MRSN": 0.015129527076163135,
        "MTRN,UVE": 0.015129527076163135,
        "NTES,ZTO": 0.015129527076163135,
        "SYF,OLLI": 0.015129527076163135,
        "AA,CENX": 0.015129527076163135,
        "PSX,CVX": 0.015129527076163135,
        "XHR,DRH": 0.015129527076163135,
        "MGM,CNTY": 0.015129527076163135,
        "TRGP,ENLC": 0.015129527076163135,
        "YPF,BMA": 0.015129527076163137,
        "VLO,CIVI": 0.015129527076163137,
        "EOG,XOM": 0.015129527076163135,
        "CM,RY": 0.015129527076163135,
        "MHO,DHI": 0.015129527076163135,
        "EURN,INSW": 0.015129527076163135,
        "PTEN,HP": 0.015129527076163137,
        "CHX,NOV": 0.015129527076163135,
        "MBWM,KREF": 0.015129527076163135,
        "BCE,PEG": 0.015129527076163133,
        "PTN,CTO": 0.015129527076163135,
        "TRMD,STNG": 0.015129527076163137,
        "BALY,BYD": 0.015129527076163135,
        "BSRR,BFST": 0.015129527076163137,
        "CIVB,AMNB": 0.015129527076163135
    }
}