{
    "time": "2023-03-10",
    "final_pairs": {
        "PGR,CBU": 0.03806598301511228,
        "OHI,NHI": 0.03806598301511228,
        "CTO,CNOB": 0.03806598301511228,
        "PCAR,RITM": 0.03806598301511228,
        "RTX,AAP": 0.03806598301511228,
        "JD,GDS": 0.03806598301511228,
        "PR,OVV": 0.03806598301511228,
        "SOI,RES": 0.03806598301511228,
        "NVR,BLK": 0.03806598301511228,
        "MBWM,MBIN": 0.03806598301511228,
        "ALEX,PRU": 0.03806598301511228,
        "SLF,HTBK": 0.03806598301511228,
        "OMAB,PAC": 0.03806598301511228,
        "PBF,DK": 0.03806598301511228,
        "NEE,NDAQ": 0.03806598301511228,
        "CZNC,FMBH": 0.03806598301511228,
        "LOMA,CEPU": 0.03806598301511228,
        "BFIN,FRST": 0.03806598301511228,
        "BNS,IBTX": 0.03806598301511228,
        "PVH,CPRI": 0.03806598301511228,
        "PEB,CLDT": 0.03806598301511228,
        "AVGO,ACN": 0.03806598301511228,
        "RDN,MTG": 0.03806598301511228,
        "SBSW,CEVA": 0.03806598301511228,
        "PUMP,HP": 0.03806598301511228,
        "CATY,PNFP": 0.03806598301511228,
        "MKC,HRL": 0.038065983015112284,
        "SRCE,BFST": 0.03806598301511228
    }
}