{
    "time": "2023-03-03",
    "final_pairs": {
        "CRM,TSLA": 0.02229928197500391,
        "INN,INVA": 0.022299281975003908,
        "MBIN,FHN": 0.022299281975003908,
        "OIS,HLX": 0.022299281975003908,
        "HIW,PTN": 0.022299281975003908,
        "MLCO,MO": 0.022299281975003908,
        "KODK,COGT": 0.022299281975003908,
        "CLDX,FSK": 0.022299281975003908,
        "TNK,STNG": 0.022299281975003908,
        "PBF,DK": 0.022299281975003908,
        "PR,FANG": 0.022299281975003908,
        "LOMA,CEPU": 0.022299281975003908,
        "VMI,AAP": 0.02229928197500391,
        "GFF,TIGO": 0.022299281975003908,
        "FNV,OWL": 0.022299281975003908,
        "PKX,TLK": 0.022299281975003908,
        "MGM,GDEN": 0.022299281975003908,
        "AA,CENX": 0.022299281975003908,
        "DDD,BB": 0.022299281975003908,
        "EOG,CVX": 0.022299281975003908,
        "BTG,WPM": 0.022299281975003908,
        "MMYT,GGAL": 0.022299281975003908,
        "BNS,IBTX": 0.022299281975003908,
        "JD,ZTO": 0.022299281975003908,
        "MTD,WTM": 0.022299281975003908,
        "PCAR,RITM": 0.022299281975003908,
        "CCU,VGR": 0.02229928197500391,
        "BCSF,CBU": 0.022299281975003908,
        "MHO,DHI": 0.02229928197500391,
        "XHR,DRH": 0.022299281975003908,
        "BV,GLDD": 0.022299281975003908,
        "GOOG,AMZN": 0.022299281975003908,
        "ALEX,PRU": 0.022299281975003908,
        "LVS,BTI": 0.022299281975003908,
        "NSTG,TWST": 0.022299281975003908,
        "CWT,AWR": 0.022299281975003905,
        "OVV,ERF": 0.022299281975003908
    }
}