{
    "time": "2023-03-07",
    "final_pairs": {
        "CRM,TSLA": 0.023817665147435694,
        "MBWM,FHN": 0.023817665147435697,
        "INN,INVA": 0.023817665147435694,
        "RTL,AAP": 0.023817665147435694,
        "NEX,HP": 0.023817665147435694,
        "CCU,VGR": 0.023817665147435694,
        "CRNX,MRSN": 0.023817665147435694,
        "CTO,PTN": 0.023817665147435694,
        "BNS,IBTX": 0.023817665147435694,
        "BCSF,CBU": 0.023817665147435694,
        "LX,BZUN": 0.023817665147435694,
        "AA,CENX": 0.023817665147435694,
        "GDEN,CNTY": 0.02381766514743569,
        "KODK,COGT": 0.023817665147435694,
        "MKC,HRL": 0.023817665147435694,
        "PR,ERF": 0.023817665147435694,
        "MTD,WTM": 0.023817665147435694,
        "AVGO,COST": 0.023817665147435694,
        "AXP,TR": 0.023817665147435694,
        "MLCO,BTI": 0.023817665147435694,
        "EFSC,RNST": 0.023817665147435694,
        "OIS,OII": 0.023817665147435694,
        "OMAB,PAC": 0.023817665147435694,
        "RDN,MTG": 0.023817665147435694,
        "GOOG,AMZN": 0.023817665147435694,
        "PBF,DK": 0.023817665147435694,
        "OHI,NHI": 0.023817665147435697,
        "PXD,PSX": 0.023817665147435694,
        "WYNN,TAP": 0.023817665147435694,
        "PCAR,RITM": 0.023817665147435694,
        "ADBE,INTU": 0.023817665147435694,
        "ESTE,COHR": 0.023817665147435694,
        "PEB,CLDT": 0.023817665147435694,
        "NTES,ZTO": 0.023817665147435697,
        "CZR,BALY": 0.023817665147435694,
        "SYF,MED": 0.023817665147435694,
        "RYAAY,KRG": 0.023817665147435694,
        "EC,TLK": 0.023817665147435694,
        "TNK,TRMD": 0.023817665147435697,
        "LSI,EXR": 0.02381766514743569,
        "EAT,RUTH": 0.023817665147435694,
        "NIC,CFFN": 0.023817665147435694,
        "HTHT,YUMC": 0.023817665147435694
    }
}