{
    "time": "2023-03-13",
    "final_pairs": {
        "PBF,DK": 0.035637600929650175,
        "PVH,CPRI": 0.035637600929650175,
        "SRCE,BFST": 0.035637600929650175,
        "EURN,TRMD": 0.035637600929650175,
        "AU,GFI": 0.035637600929650175,
        "PCAR,RITM": 0.035637600929650175,
        "NEE,NDAQ": 0.035637600929650175,
        "EWBC,WBS": 0.035637600929650175,
        "CLAR,ILPT": 0.035637600929650175,
        "CTBI,FMBH": 0.035637600929650175,
        "OHI,NHI": 0.035637600929650175,
        "LOMA,CEPU": 0.035637600929650175,
        "ESTE,COHR": 0.035637600929650175,
        "OXY,HES": 0.035637600929650175,
        "CATY,PNFP": 0.035637600929650175,
        "DDD,BB": 0.035637600929650175,
        "SFIX,RDFN": 0.035637600929650175,
        "PNC,USB": 0.035637600929650175,
        "TMP,NWBI": 0.035637600929650175,
        "SNV,HBAN": 0.035637600929650175,
        "VRSK,CWST": 0.035637600929650175,
        "PR,MGY": 0.035637600929650175,
        "PEB,CLDT": 0.035637600929650175,
        "BNS,HIFS": 0.035637600929650175,
        "OMAB,PAC": 0.035637600929650175,
        "AVGO,ACN": 0.035637600929650175,
        "CHD,RTL": 0.035637600929650175,
        "KDP,CVS": 0.035637600929650175,
        "CVE,OVV": 0.035637600929650175,
        "HD,TPX": 0.035637600929650175,
        "TDOC,TWST": 0.035637600929650175,
        "BMA,YPF": 0.035637600929650175,
        "ENLC,MTDR": 0.035637600929650175
    }
}