{
    "time": "2023-03-01",
    "final_pairs": {
        "TNK,EURN": 0.05820106173701812,
        "NVDA,GOOG": 0.05820106173701812,
        "UVE,MTRN": 0.05820106173701812,
        "TSLA,GOOGL": 0.05820106173701812,
        "TIGO,GFF": 0.05820106173701812,
        "META,AMZN": 0.05820106173701812,
        "RPD,ILPT": 0.05820106173701812,
        "NSTG,TWST": 0.05820106173701812,
        "BP,FNV": 0.05820106173701812,
        "ALG,ALEX": 0.05820106173701812,
        "LPL,KT": 0.058201061737018125,
        "CCBG,HIW": 0.05820106173701812,
        "CEVA,SBSW": 0.05820106173701812,
        "RRX,RGLD": 0.05820106173701812,
        "CNTY,PENN": 0.05820106173701812,
        "PSX,COP": 0.05820106173701812,
        "PR,MTDR": 0.05820106173701812,
        "HY,PRIM": 0.05820106173701812,
        "MOS,CPE": 0.05820106173701812,
        "HP,PDS": 0.05820106173701812,
        "BKNG,CABO": 0.05820106173701811,
        "TPH,KBH": 0.05820106173701812,
        "TOL,BHE": 0.05820106173701812,
        "AAIC,ADT": 0.05820106173701811,
        "GPN,FIS": 0.05820106173701812,
        "BSAC,CIB": 0.05820106173701812,
        "PVH,CPRI": 0.05820106173701811,
        "NVT,WAB": 0.05820106173701812,
        "SLAB,TER": 0.05820106173701812,
        "MBIN,KREF": 0.05820106173701812,
        "NI,BKH": 0.05820106173701812,
        "MELI,TPL": 0.05820106173701812,
        "PDCE,DVN": 0.05820106173701811,
        "CENX,AA": 0.05820106173701811,
        "TPX,HD": 0.058201061737018125,
        "DHT,STNG": 0.05820106173701812,
        "CNOB,CTO": 0.05820106173701812,
        "BSMX,TM": 0.05820106173701812,
        "NTES,JD": 0.05820106173701812,
        "CGBD,TCPC": 0.05820106173701811,
        "JBLU,HA": 0.058201061737018125,
        "NEX,SOI": 0.05820106173701812,
        "MRCY,BIOX": 0.05820106173701812,
        "BLMN,EAT": 0.05820106173701811,
        "WPM,KGC": 0.05820106173701812,
        "COHR,INN": 0.05820106173701812
    }
}