{
    "KODK,COGT": 0.01,
    "WES,ERF": 0.01,
    "BSAC,CIB": 0.01,
    "ZTO,JD": 0.01,
    "OIS,CLB": 0.01,
    "RPD,WRLD": 0.01,
    "TIGO,GFF": 0.05374974659573985,
    "NSTG,TWST": 0.05374974659573985,
    "UVE,MTRN": 0.0558763156096518,
    "PBF,DK": 0.022299281975003908,
    "HIW,PTN": 0.022299281975003908,
    "DDD,BB": 0.023401207913695914,
    "BNS,IBTX": 0.023817665147435694,
    "PR,OVV": 0.026260126993239142,
    "OHI,NHI": 0.026260126993239142,
    "GDEN,CNTY": 0.028336172882598487,
    "FRC,SIVB": 0.03806598301511228,
    "ZION,PACW": 0.03806598301511228,
    "TM,OWL": 0.03806598301511228,
    "CTO,CNOB": 0.03806598301511228,
    "PCAR,RITM": 0.03806598301511228,
    "SOI,RES": 0.03806598301511228,
    "MBWM,MBIN": 0.03806598301511228
}