{
    "KODK,COGT": 0.04,
    "CZNC,CAC": 0.04,
    "ACEL,FLL": 0.04,
    "WES,ERF": 0.04,
    "LPL,EC": 0.04,
    "RBB,WTBA": 0.04,
    "IGIC,FPAC": 0.04,
    "FLIC,NFBK": 0.04,
    "CNTY,PENN": 0.04,
    "OWL,FNV": 0.04,
    "CNK,ORC": 0.04,
    "FCF,HTLF": 0.04,
    "DHT,EURN": 0.04,
    "BSAC,CIB": 0.04,
    "AGI,BTG": 0.04,
    "ZTO,JD": 0.04,
    "PUMP,PTEN": 0.04,
    "OIS,CLB": 0.04,
    "RPD,WRLD": 0.04,
    "HP,PDS": 0.04,
    "NVT,WAB": 0.04,
    "ROCC,DVN": 0.04,
    "CBU,ARR": 0.04,
    "IBTX,GLPG": 0.04,
    "GGAL,MMYT": 0.04,
    "FTS,BKH": 0.04,
    "TIGO,GFF": 0.05374974659573985,
    "NSTG,TWST": 0.05374974659573985,
    "UVE,MTRN": 0.0558763156096518,
    "MBIN,FHN": 0.015129527076163137,
    "INN,INVA": 0.015129527076163135
}