{
    "KODK,COGT": 0.01,
    "WES,ERF": 0.01,
    "BSAC,CIB": 0.01,
    "ZTO,JD": 0.01,
    "OIS,CLB": 0.01,
    "RPD,WRLD": 0.01,
    "ROCC,DVN": 0.01,
    "TIGO,GFF": 0.05374974659573985,
    "NSTG,TWST": 0.05374974659573985,
    "UVE,MTRN": 0.0558763156096518,
    "CLDX,FSK": 0.022299281975003908,
    "PBF,DK": 0.022299281975003908,
    "HIW,PTN": 0.022299281975003908,
    "DDD,BB": 0.023401207913695914,
    "CCU,BTI": 0.023401207913695914,
    "RTL,AAP": 0.023817665147435694,
    "BNS,IBTX": 0.023817665147435694,
    "PR,OVV": 0.026260126993239142,
    "OHI,NHI": 0.026260126993239142,
    "CTOS,WAL": 0.028336172882598487,
    "ALEX,RF": 0.028336172882598487,
    "PTMN,CBU": 0.028336172882598487,
    "GDEN,CNTY": 0.028336172882598487
}